{
  "alfredtheme" : {
    "result" : {
      "textSpacing" : 10,
      "subtext" : {
        "size" : 12,
        "colorSelected" : "#FFFFFFCC",
        "font" : "System",
        "color" : "#707D93FF"
      },
      "shortcut" : {
        "size" : 12,
        "colorSelected" : "#FFFFFFCC",
        "font" : "System",
        "color" : "#707D937E"
      },
      "backgroundSelected" : "#219FEEFF",
      "text" : {
        "size" : 16,
        "colorSelected" : "#FFFFFFFF",
        "font" : "System",
        "color" : "#5E6B7FFF"
      },
      "iconPaddingHorizontal" : 20,
      "roundness" : 12,
      "paddingVertical" : 10,
      "iconSize" : 32
    },
    "search" : {
      "backgroundSelected" : "#4C90FBFF",
      "paddingHorizontal" : 8,
      "spacing" : 4,
      "text" : {
        "size" : 28,
        "colorSelected" : "#FFFFFFFF",
        "font" : "System",
        "color" : "#707D93FF"
      },
      "background" : "#FEFFFECC",
      "roundness" : 0,
      "paddingVertical" : 10
    },
    "window" : {
      "color" : "#FEFFFEFF",
      "paddingHorizontal" : 20,
      "width" : 585,
      "borderPadding" : 0,
      "borderColor" : "#FF4264FF",
      "blur" : 0,
      "roundness" : 10,
      "paddingVertical" : 5
    },
    "credit" : "namidaz",
    "separator" : {
      "color" : "#2F313500",
      "thickness" : 2
    },
    "scrollbar" : {
      "color" : "#D3D3D3FF",
      "thickness" : 2
    },
    "name" : "sand cloudy"
  }
}